{
  "trainName": "mo1600",
  "trainType": "EC",

  "trainModel2": {
      "modelFile": "mo1600.ngto",
      "textures": [["default", "textures/train/kiha600/kiha600.png"]]
  },
  "bogieModel2": {
      "modelFile": "ModelBogie.class",
      "textures": [["default", "textures/train/bogie.png"]]
  },

  "buttonTexture": "textures/train/mo1600/button_mo1600.png",
  "sound_BrakeRelease": "train.o220_release",
  "sound_BrakeRelease2": "train.brakeR_w",
  "sound_DoorOpen": "train.door",
  "sound_DoorClose": "train.door",
  "sound_Horn": "train.rtm_wh_00l",
  "soundScriptPath": "scripts/sound_o220.js",

  "headLights": [
    {
      "type": 0,
      "color": 16775376,
      "pos": [0.0, 2.9, 9.9625],
      "r": 0.7
    },
    {
      "type": 1,
      "color": 16775376,
      "pos": [0.0, 2.9, 9.9],
      "r": 1.25
    }
  ],

  "tailLights": [
    {
      "type": 0,
      "color": 16711760,
      "pos": [1.15, 0.25, 10.0625],
      "r": 0.25
    },
    {
      "type": 0,
      "color": 16711760,
      "pos": [-1.15, 0.25, 10.0625],
      "r": 0.25
    }
  ],
  "isSingleTrain": true,

  "seatPos": [[12, 0, 130, 2], [12, 0, 110, 2], [12, 0, 90, 2], [12, 0, 70, 2], [12, 0, 50, 2], [12, 0, 30, 2], [12, 0, 10, 2],
    		[12, 0, -130, 2], [12, 0, -110, 2], [12, 0, -90, 2], [12, 0, -70, 2], [12, 0, -50, 2], [12, 0, -30, 2], [12, 0, -10, 2],
    		[-12, 0, 130, 2], [-12, 0, 110, 2], [-12, 0, 90, 2], [-12, 0, 70, 2], [-12, 0, 50, 2], [-12, 0, 30, 2], [-12, 0, 10, 2],
    		[-12, 0, -130, 2], [-12, 0, -110, 2], [-12, 0, -90, 2], [-12, 0, -70, 2], [-12, 0, -50, 2], [-12, 0, -30, 2], [-12, 0, -10, 2]],
  "playerPos": [
    [0.8, 0.0, 9.187],
    [-0.8, 0.0, -9.187]
  ],
  "bogiePos": [
    [0.0, 0.0, 7.125],
    [0.0, 0.0, -7.125]
  ],

  "maxSpeed": [0.2, 0.4, 0.6, 0.8, 1.00],
	"scale": 0.1,
	"offset": [0.0, -1.0, 0.0],
  "tags": "ngt5479 Original"
}