{
  "name": "NGT-100",
  "model": {
      "modelFile": "NGT-100.ngto",
      "textures": [["default", "textures/vehicle/cv33.png", ""]]
  },
  "buttonTexture": "textures/vehicle/button_NGT-100.png",
  "vehicleType": "Plane",
  "size": [5.0, 2.0],
  "playerPos": [[1.0, 4.25, 29.0]],
  "slotPos": [
    [-2.0, 3.0, 23.0, 1], [-2.0, 3.0, 19.0, 1], [-2.0, 3.0, 17.0, 1], [-2.0, 3.0, 15.0, 1], [-2.0, 3.0, 13.0, 1], [-2.0, 3.0, 11.0, 1], [-2.0, 3.0, 9.0, 1], [-2.0, 3.0, 7.0, 1], [-2.0, 3.0, 5.0, 1], [-2.0, 3.0, 3.0, 1], [-2.0, 3.0, 1.0, 1], [-2.0, 3.0, -1.0, 1], [-2.0, 3.0, -3.0, 1], [-2.0, 3.0, -5.0, 1], [-2.0, 3.0, -7.0, 1], [-2.0, 3.0, -9.0, 1], [-2.0, 3.0, -11.0, 1], [-2.0, 3.0, -13.0, 1], [-2.0, 3.0, -15.0, 1], [-2.0, 3.0, -17.0, 1],
    [-1.0, 3.0, 23.0, 1], [-1.0, 3.0, 19.0, 1], [-1.0, 3.0, 17.0, 1], [-1.0, 3.0, 15.0, 1], [-1.0, 3.0, 13.0, 1], [-1.0, 3.0, 11.0, 1], [-1.0, 3.0, 9.0, 1], [-1.0, 3.0, 7.0, 1], [-1.0, 3.0, 5.0, 1], [-1.0, 3.0, 3.0, 1], [-1.0, 3.0, 1.0, 1], [-1.0, 3.0, -1.0, 1], [-1.0, 3.0, -3.0, 1], [-1.0, 3.0, -5.0, 1], [-1.0, 3.0, -7.0, 1], [-1.0, 3.0, -9.0, 1], [-1.0, 3.0, -11.0, 1], [-1.0, 3.0, -13.0, 1], [-1.0, 3.0, -15.0, 1], [-1.0, 3.0, -17.0, 1],
    [1.0, 3.0, 23.0, 1], [1.0, 3.0, 19.0, 1], [1.0, 3.0, 17.0, 1], [1.0, 3.0, 15.0, 1], [1.0, 3.0, 13.0, 1], [1.0, 3.0, 11.0, 1], [1.0, 3.0, 9.0, 1], [1.0, 3.0, 7.0, 1], [1.0, 3.0, 5.0, 1], [1.0, 3.0, 3.0, 1], [1.0, 3.0, 1.0, 1], [1.0, 3.0, -1.0, 1], [1.0, 3.0, -3.0, 1], [1.0, 3.0, -5.0, 1], [1.0, 3.0, -7.0, 1], [1.0, 3.0, -9.0, 1], [1.0, 3.0, -11.0, 1], [1.0, 3.0, -13.0, 1], [1.0, 3.0, -15.0, 1], [1.0, 3.0, -17.0, 1],
    [2.0, 3.0, 23.0, 1], [2.0, 3.0, 19.0, 1], [2.0, 3.0, 17.0, 1], [2.0, 3.0, 15.0, 1], [2.0, 3.0, 13.0, 1], [2.0, 3.0, 11.0, 1], [2.0, 3.0, 9.0, 1], [2.0, 3.0, 7.0, 1], [2.0, 3.0, 5.0, 1], [2.0, 3.0, 3.0, 1], [2.0, 3.0, 1.0, 1], [2.0, 3.0, -1.0, 1], [2.0, 3.0, -3.0, 1], [2.0, 3.0, -5.0, 1], [2.0, 3.0, -7.0, 1], [2.0, 3.0, -9.0, 1], [2.0, 3.0, -11.0, 1], [2.0, 3.0, -13.0, 1], [2.0, 3.0, -15.0, 1], [2.0, 3.0, -17.0, 1]
  ],
  "scale": 1.0,
  "friction": [0.9, 0.999],
  "acceleration": [0.01, 0.05],
  "maxSpeed": [1.0, 3.0],
  "maxYaw": [15.0, 2.5],
  "pitchCoefficient": [2.5, 2.5],
  "yawCoefficient": [2.5, 2.5],
  "rollCoefficient": [45.0, 45.0],
  "changeYawOnStopping": true,
  "tags": "ngt5479"
}
