{
  "firearmName": "127mmArtillery",
  "firearmModel": "ModelFirearm_127mmArtillery.obj",
  "firearmTexture": "textures/firearm/127mmArtillery.png",
  "buttonTexture": "textures/firearm/button_127mmArtillery.png",
  "modelPartsN": {
    "objects": ["base"],
    "pos": [0.0, 0.0, 0.0]
  },
  "modelPartsY": {
    "objects": ["body"],
    "pos": [0.0, 0.5, 0.0]
  },
  "modelPartsX": {
    "objects": ["shaft"],
    "pos": [0.0, 3.0, -0.25]
  },
  "modelPartsBarrel": {
    "objects": ["barrel", "barrel2"],
    "pos": [0.0, 3.0, -0.25]
  },
  "muzzlePos": [0.0, 3.0, 7.0],
  "playerPos": [0.0, 0.5, 0.0],
  "yaw": [180.0, -180.0],
  "pitch": [80.0, -5.0],
  "rotationSpeedY": 1.0,
  "rotationSpeedX": 1.0,
  "recoil": 0.8,
  "ammoType": 0,
  "fpvMode": true,
  "tags": "ngt5479 127mm"
}
